序号,链接,节点数
0,https://Sn7BNc.mcsslk.xyz/d98aba582cc7291b31f8f7d798ab6509,0
1,https://WcVNUg.absslk.xyz/724608166172876440f069f696777573,0
2,https://gist.githubusercontent.com/peasoft/40b87245630092f30cc98af61190b4e2/raw/,10
3,https://gitlab.com/colloq168/nodefiltrate/-/raw/main/filtrate?ref_type=heads,0
4,https://raw.githubusercontent.com/Alvin9999/pac2/master/clash.meta2/1/config.yaml,1
5,https://raw.githubusercontent.com/Alvin9999/pac2/master/clash.meta2/13/config.yaml,1
6,https://raw.githubusercontent.com/Alvin9999/pac2/master/clash.meta2/15/config.yaml,1
7,https://raw.githubusercontent.com/Alvin9999/pac2/master/clash.meta2/2/config.yaml,1
8,https://raw.githubusercontent.com/Alvin9999/pac2/master/clash.meta2/config.yaml,1
9,https://raw.githubusercontent.com/Huibq/TrojanLinks/master/links/vmess,0
10,https://raw.githubusercontent.com/Surfboardv2ray/TGParse/main/python/hy2,13
11,https://raw.githubusercontent.com/Surfboardv2ray/TGParse/main/python/hysteria2,82
12,https://raw.githubusercontent.com/qjlxg/hy2/main/splitted/hy2,0
13,https://raw.githubusercontent.com/ripaojiedian/freenode/main/clash,22
14,https://raw.githubusercontent.com/ripaojiedian/freenode/main/sub,24
15,https://raw.githubusercontent.com/zhangkaiitugithub/passcro/main/speednodes.yaml,71

总计,,169
